network,strategy,beta,peak_infections,epidemic_size,time_to_peak,duration
random,No Vaccination,0.05,6.18,18.54,16.97,38.01
random,No Vaccination,0.1,22.55,56.21,17.55,54.11
random,No Vaccination,0.15,33.04,67.02,13.42,50.11
random,No Vaccination,0.2,41.84,75.75,11.78,50.42
random,No Vaccination,0.25,52.33,83.58,10.65,51.51
random,No Vaccination,0.3,56.25,87.04,9.56,53.71
random,20% Random,0.05,3.73,9.25,10.3,31.07
random,20% Random,0.1,11.42,31.16,16.85,46.36
random,20% Random,0.15,22.32,50.34,15.68,53.04
random,20% Random,0.2,29.11,57.4,13.43,50.44
random,20% Random,0.25,33.84,61.67,12.21,50.16
random,20% Random,0.3,38.49,64.38,10.78,53.21
random,20% Targeted,0.05,1.99,2.82,5.22,16.97
random,20% Targeted,0.1,4.02,8.03,9.08,25.44
random,20% Targeted,0.15,7.14,18.04,13.04,38.8
random,20% Targeted,0.2,10.36,24.53,13.17,40.88
random,20% Targeted,0.25,14.88,32.44,13.49,43.22
random,20% Targeted,0.3,17.13,37.01,13.17,46.39
small_world,No Vaccination,0.05,3.68,7.89,10.39,29.02
small_world,No Vaccination,0.1,12.08,39.97,24.79,60.08
small_world,No Vaccination,0.15,20.32,63.37,24.29,64.73
small_world,No Vaccination,0.2,31.14,80.72,22.26,64.64
small_world,No Vaccination,0.25,39.9,89.01,19.09,65.01
small_world,No Vaccination,0.3,47.76,94.31,16.78,62.23
small_world,20% Random,0.05,2.44,4.03,7.09,22.29
small_world,20% Random,0.1,4.2,8.92,9.14,27.02
small_world,20% Random,0.15,7.28,19.2,13.11,42.29
small_world,20% Random,0.2,11.58,27.4,13.65,44.92
small_world,20% Random,0.25,16.19,41.24,17.24,53.6
small_world,20% Random,0.3,19.88,46.78,16.23,51.59
small_world,20% Targeted,0.05,2.47,3.72,6.68,20.46
small_world,20% Targeted,0.1,3.95,7.42,10.31,28.53
small_world,20% Targeted,0.15,5.09,10.24,11.28,31.27
small_world,20% Targeted,0.2,7.16,16.02,12.24,39.57
small_world,20% Targeted,0.25,8.78,20.01,11.12,39.15
small_world,20% Targeted,0.3,10.08,23.39,13.7,44.03
scale_free,No Vaccination,0.05,8.39,22.42,13.7,39.43
scale_free,No Vaccination,0.1,23.13,52.9,13.69,46.8
scale_free,No Vaccination,0.15,37.36,69.76,11.27,50.47
scale_free,No Vaccination,0.2,47.14,80.26,9.92,51.9
scale_free,No Vaccination,0.25,54.61,83.47,8.73,50.93
scale_free,No Vaccination,0.3,58.54,85.49,7.66,49.42
scale_free,20% Random,0.05,4.62,10.73,8.86,26.95
scale_free,20% Random,0.1,13.34,30.45,13.03,41.7
scale_free,20% Random,0.15,24.15,47.7,12.76,47.8
scale_free,20% Random,0.2,30.08,54.68,10.82,48.22
scale_free,20% Random,0.25,34.29,56.9,9.9,46.57
scale_free,20% Random,0.3,39.48,61.73,8.99,45.7
scale_free,20% Targeted,0.05,1.38,1.47,2.58,11.4
scale_free,20% Targeted,0.1,1.57,1.88,2.76,12.91
scale_free,20% Targeted,0.15,1.72,2.16,2.63,14.06
scale_free,20% Targeted,0.2,2.01,2.81,3.09,16.17
scale_free,20% Targeted,0.25,2.19,2.96,2.81,15.38
scale_free,20% Targeted,0.3,2.37,3.03,2.34,15.4
