topology,avg_degree,beta,gamma,final_size,peak_infected,time_to_peak,takeoff_fraction,error
random,6,0.08,0.2,0.7623416339012671,135.66666666666666,33.833333333333336,0.6,21.83454918584016
random,6,0.1,0.2,0.8358453473132372,193.25,24.375,0.8,9.562787623562462
random,6,0.12,0.2,0.8843745449250037,232.0,20.0,0.9,5.594572815362325
random,6,0.12,0.3,0.7571615802284216,141.57142857142858,20.857142857142858,0.7,6.423542040301799
random,6,0.14,0.2,0.9188874326489006,274.1111111111111,17.666666666666668,0.9,3.923715538918892
random,6,0.14,0.3,0.8368283093053734,175.875,17.5,0.8,3.902603542211861
random,6,0.14,0.4,0.7278287461773699,113.0,17.166666666666668,0.6,3.8562970279931283
random,6,0.14,0.5,0.581651376146789,68.8,19.0,0.5,5.303744654020107
random,6,0.16,0.2,0.9314110965487112,297.3333333333333,15.777777777777779,0.9,2.8062579016470632
random,6,0.16,0.3,0.8727064220183487,207.875,15.625,0.8,2.7551388990333816
random,6,0.16,0.4,0.7833739000187231,137.71428571428572,17.0,0.7,3.6784432351815384
random,6,0.16,0.5,0.6768020969855832,79.2,17.8,0.5,4.406942662252339
random,6,0.18,0.2,0.9426241444590069,329.55555555555554,14.222222222222221,0.9,2.052934986223258
random,6,0.18,0.3,0.9041794087665647,236.66666666666666,14.666666666666666,0.9,2.2494942301096854
random,6,0.18,0.4,0.8247519191162704,161.28571428571428,14.142857142857142,0.7,2.1047839320033424
random,6,0.18,0.5,0.7374399301004805,108.0,15.833333333333334,0.6,3.102262761984788
random,6,0.2,0.2,0.9571865443425077,357.22222222222223,12.333333333333334,0.9,1.335536553065136
random,6,0.2,0.3,0.9187418086500655,265.1111111111111,13.0,0.9,1.5095564334232197
random,6,0.2,0.4,0.8674405542033325,191.71428571428572,12.428571428571429,0.7,1.360835294348063
random,6,0.2,0.5,0.7924858016601135,138.66666666666666,13.0,0.6,1.6797463538891804
random,8,0.06,0.2,0.7782437745740498,128.6,35.4,0.5,24.358667706163562
random,8,0.08,0.2,0.8752730449978156,207.66666666666666,22.833333333333332,0.6,8.05566719366971
random,8,0.08,0.3,0.7276539973787679,113.8,27.0,0.5,12.639192470655178
random,8,0.1,0.2,0.9213630406290957,261.75,19.0,0.8,4.848405749971233
random,8,0.1,0.3,0.8269986893840106,165.42857142857142,19.857142857142858,0.7,5.5858299749407125
random,8,0.1,0.4,0.6990825688073394,92.2,22.0,0.5,7.589792011766287
random,8,0.12,0.2,0.9590796563273627,323.55555555555554,15.444444444444445,0.9,2.6693219796136884
random,8,0.12,0.3,0.8999017038007864,222.5,16.375,0.8,3.17053143539958
random,8,0.12,0.4,0.8018348623853211,141.6,16.0,0.5,3.0912211687865345
random,8,0.12,0.5,0.7070773263433813,95.83333333333333,17.333333333333332,0.6,4.03102844331349
random,8,0.14,0.2,0.9679627202562983,352.8888888888889,13.666666666666666,0.9,1.8624409056608022
random,8,0.14,0.3,0.9298820445609437,259.875,13.75,0.8,1.8335674949125442
random,8,0.14,0.4,0.8726518130187855,187.66666666666666,14.666666666666666,0.6,2.313775561741603
random,8,0.14,0.5,0.7721712538226301,125.5,14.833333333333334,0.6,2.525231440030072
random,8,0.16,0.2,0.9756807921945536,388.44444444444446,12.11111111111111,0.9,1.33560485928863
random,8,0.16,0.3,0.9549475753604193,297.125,12.375,0.8,1.3079248455176347
random,8,0.16,0.4,0.9141546526867628,219.66666666666666,12.5,0.6,1.373973035557742
random,8,0.16,0.5,0.8543031891655745,170.83333333333334,13.166666666666666,0.6,1.6833894036707895
random,8,0.18,0.2,0.9839813601281491,417.8888888888889,11.444444444444445,0.9,1.2027372184241203
random,8,0.18,0.3,0.9623197903014418,319.75,11.125,0.8,0.9233549447471989
random,8,0.18,0.4,0.927916120576671,253.28571428571428,10.857142857142858,0.7,0.8243885922318671
random,8,0.18,0.5,0.8736191724396181,193.42857142857142,11.0,0.7,0.9087248506416248
random,8,0.2,0.2,0.9861074705111402,429.7,10.3,1.0,0.9293872456331784
random,8,0.2,0.3,0.9724770642201835,345.0,10.11111111111111,0.9,0.696151228979196
random,8,0.2,0.4,0.9490498034076016,282.75,10.0,0.8,0.6187132660172143
random,8,0.2,0.5,0.9169397116644822,223.875,9.875,0.8,0.6132624076407058
random,10,0.04,0.2,0.7279535667478001,110.14285714285714,36.0,0.7,25.40459013128344
random,10,0.06,0.2,0.8768020969855832,203.0,22.5,0.6,7.758156777931696
random,10,0.06,0.3,0.7300131061598951,112.33333333333333,25.5,0.6,10.958406725738296
random,10,0.08,0.2,0.9440803844473569,281.22222222222223,18.22222222222222,0.9,4.318258180715876
random,10,0.08,0.3,0.8469855832241153,175.25,19.375,0.8,5.207608670009535
random,10,0.08,0.4,0.7391874180865007,113.2,21.2,0.5,6.812659180154254
random,10,0.08,0.5,0.5633027522935781,62.8,18.4,0.5,4.91982051225085
random,10,0.1,0.2,0.970773263433814,340.1,14.5,1.0,2.226425860702289
random,10,0.1,0.3,0.9091306247269549,234.33333333333334,15.11111111111111,0.9,2.4774389380535804
random,10,0.1,0.4,0.8517131623291518,164.14285714285714,14.571428571428571,0.7,2.3150802940294963
random,10,0.1,0.5,0.7489234225800411,113.42857142857143,15.714285714285714,0.7,3.0184035100619298
random,10,0.12,0.2,0.9820445609436435,384.6,12.4,1.0,1.4370390021834942
random,10,0.12,0.3,0.9494684724042521,282.22222222222223,12.88888888888889,0.9,1.4932147686723931
random,10,0.12,0.4,0.9046994944766897,205.71428571428572,11.714285714285714,0.7,1.1241866024304483
random,10,0.12,0.5,0.8378580790114212,149.0,12.571428571428571,0.7,1.5113508868920287
random,10,0.14,0.2,0.9885976408912189,416.7,10.9,1.0,1.0495631457835402
random,10,0.14,0.3,0.9692733362458132,325.77777777777777,10.777777777777779,0.9,0.8403075091032923
random,10,0.14,0.4,0.9354521625163827,249.625,10.875,0.8,0.8417778591718563
random,10,0.14,0.5,0.8841743119266054,186.375,11.125,0.8,0.9707981544297606
random,10,0.16,0.2,0.9916120576671036,442.6,10.1,1.0,0.9306274850277731
random,10,0.16,0.3,0.9759720401922238,348.55555555555554,10.0,0.9,0.6797293765484326
random,10,0.16,0.4,0.9564220183486238,294.375,10.0,0.8,0.6254665270584281
random,10,0.16,0.5,0.9254587155963303,221.25,10.125,0.8,0.6827434440635518
random,10,0.18,0.2,0.9944954128440366,475.2,9.3,1.0,0.8884400004867197
random,10,0.18,0.3,0.9851463521188292,382.3333333333333,9.222222222222221,0.9,0.5876131477280369
random,10,0.18,0.4,0.9716579292267365,319.25,9.25,0.8,0.4991899620187889
random,10,0.18,0.5,0.9446264744429882,261.25,9.25,0.8,0.47484252369312135
random,10,0.2,0.2,0.9965923984272609,485.5,8.6,1.0,0.8190402482106006
random,10,0.2,0.3,0.9899519440803844,398.55555555555554,8.444444444444445,0.9,0.505715469893976
random,10,0.2,0.4,0.9744429882044561,336.0,8.125,0.8,0.3461327661164779
random,10,0.2,0.5,0.9575688073394495,300.625,8.0,0.8,0.29351937271684536
random,12,0.04,0.2,0.7973787680209699,140.0,31.4,0.5,18.237674403570182
random,12,0.06,0.2,0.9386194844910442,262.3333333333333,18.166666666666668,0.6,4.285219593141954
random,12,0.06,0.3,0.8165137614678898,149.33333333333334,20.333333333333332,0.6,6.002673691428784
random,12,0.08,0.2,0.9637396242900831,320.3333333333333,14.5,0.6,2.2028296808150274
random,12,0.08,0.3,0.917212756662298,236.33333333333334,14.166666666666666,0.6,2.0300333136968236
random,12,0.08,0.4,0.8477064220183486,165.2,16.4,0.5,3.2723543172236558
random,12,0.1,0.2,0.9849279161205766,374.875,12.375,0.8,1.4142666558500698
random,12,0.1,0.3,0.956913499344692,284.5,12.5,0.8,1.357161016988456
random,12,0.1,0.4,0.9113149847094801,211.5,13.0,0.6,1.5735831015280972
random,12,0.1,0.5,0.845128877238969,156.83333333333334,13.666666666666666,0.6,1.9244298359437866
random,12,0.12,0.2,0.9912625600698995,426.55555555555554,10.444444444444445,0.9,0.9625308082103252
random,12,0.12,0.3,0.9765545361875636,332.0,10.88888888888889,0.9,0.8842342775847767
random,12,0.12,0.4,0.9405854084753168,251.16666666666666,10.833333333333334,0.6,0.8349756849640402
random,12,0.12,0.5,0.900611620795107,204.16666666666666,11.0,0.6,0.9106396765361193
random,12,0.14,0.2,0.9937381680500946,462.6666666666667,9.333333333333334,0.9,0.8452460534326343
random,12,0.14,0.3,0.9857288481141693,372.3333333333333,9.555555555555555,0.9,0.633316711652029
random,12,0.14,0.4,0.9674218311177684,296.0,9.285714285714286,0.7,0.4950175401733095
random,12,0.14,0.5,0.9387755102040817,243.14285714285714,9.285714285714286,0.7,0.4929711148511692
random,12,0.16,0.2,0.9975243920198048,477.0,8.777777777777779,0.9,0.8118666968095315
random,12,0.16,0.3,0.9887869520897046,400.77777777777777,8.777777777777779,0.9,0.5575103762179199
random,12,0.16,0.4,0.9767833739000188,335.85714285714283,8.428571428571429,0.7,0.3875750094981798
random,12,0.16,0.5,0.9560007489234227,285.0,8.571428571428571,0.7,0.36591705070825364
random,12,0.18,0.2,0.9985437600116498,494.77777777777777,8.333333333333334,0.9,0.8254744837500131
random,12,0.18,0.3,0.9918450560652396,425.55555555555554,8.11111111111111,0.9,0.5355789338972351
random,12,0.18,0.4,0.9861449166822692,361.14285714285717,7.857142857142857,0.7,0.36121384563342934
random,12,0.18,0.5,0.9683579853959933,299.42857142857144,7.714285714285714,0.7,0.2779758370777196
random,12,0.2,0.2,0.9998543760011649,515.7777777777778,7.777777777777778,0.9,0.861974097581479
random,12,0.2,0.3,0.9967962720256298,444.44444444444446,7.666666666666667,0.9,0.5543298255236888
random,12,0.2,0.4,0.9888597640891219,387.125,7.5,0.8,0.37627520139601517
random,12,0.2,0.5,0.9798492791612058,340.75,7.5,0.8,0.29486844570087656
small_world,6,0.12,0.2,0.8582662422767272,100.0,50.857142857142854,0.7,56.41274160148934
small_world,6,0.14,0.2,0.9026867627785059,141.625,35.0,0.8,23.75564520105322
small_world,6,0.14,0.3,0.6969855832241153,59.4,48.4,0.5,50.58034756762731
small_world,6,0.16,0.2,0.9429882044560944,181.75,28.875,0.8,14.851581342767679
small_world,6,0.16,0.3,0.873394495412844,109.0,39.0,0.5,30.743185335757858
small_world,6,0.18,0.2,0.9691277122469784,208.66666666666666,26.555555555555557,0.9,12.024172281849282
small_world,6,0.18,0.3,0.8816076889471384,121.0,35.333333333333336,0.6,24.35249447810095
small_world,6,0.2,0.2,0.9830930537352556,237.4,22.8,1.0,8.097614872284096
small_world,6,0.2,0.3,0.9252948885976409,147.0,24.88888888888889,0.9,10.311163161389732
small_world,6,0.2,0.4,0.8186107470511139,86.4,21.2,0.5,6.970338715399017
small_world,8,0.08,0.2,0.8103975535168196,94.5,37.833333333333336,0.6,28.658384848026785
small_world,8,0.1,0.2,0.9317023445463813,162.0,32.77777777777778,0.9,20.27721449425557
small_world,8,0.12,0.2,0.9694189602446485,207.66666666666666,27.333333333333332,0.9,12.93158812516792
small_world,8,0.12,0.3,0.888859764089122,125.8,27.2,0.5,12.923729028019396
small_world,8,0.14,0.2,0.9858744721130043,264.8888888888889,21.444444444444443,0.9,6.858336669754426
small_world,8,0.14,0.3,0.9425513324595892,149.5,23.166666666666668,0.6,8.598001036172876
small_world,8,0.14,0.4,0.8372651813018787,85.83333333333333,25.0,0.6,10.596043048516307
small_world,8,0.16,0.2,0.9930100480559196,289.55555555555554,18.77777777777778,0.9,4.766350381703477
small_world,8,0.16,0.3,0.9558759283529925,186.66666666666666,19.166666666666668,0.6,5.135347279961011
small_world,8,0.16,0.4,0.9189602446483182,109.33333333333333,21.333333333333332,0.6,7.068197220987766
small_world,8,0.18,0.2,0.9964613368283093,315.1,17.3,1.0,3.785424312428338
small_world,8,0.18,0.3,0.981651376146789,218.875,18.625,0.8,4.712286033504556
small_world,8,0.18,0.4,0.9384010484927917,147.14285714285714,17.857142857142858,0.7,4.320352100713542
small_world,8,0.18,0.5,0.8993446920052424,102.2,18.8,0.5,5.098581274793483
small_world,8,0.2,0.2,0.9964613368283093,329.8,16.0,1.0,3.024352213573932
small_world,8,0.2,0.3,0.9874763361001891,243.33333333333334,16.88888888888889,0.9,3.5495843281934816
small_world,8,0.2,0.4,0.9654871122761032,170.88888888888889,18.0,0.9,4.374489912451692
small_world,8,0.2,0.5,0.9142274646861802,118.88888888888889,18.555555555555557,0.9,4.87154096843117
small_world,10,0.06,0.2,0.8356113087436811,102.71428571428571,47.142857142857146,0.7,47.51000487100116
small_world,10,0.08,0.2,0.9464103684287171,181.77777777777777,28.88888888888889,0.9,14.873324103655829
small_world,10,0.08,0.3,0.8077139112525744,95.85714285714286,36.285714285714285,0.7,25.980078772146307
small_world,10,0.1,0.2,0.9829619921363042,255.6,21.7,1.0,7.0832682895056625
small_world,10,0.1,0.3,0.9084207077326343,147.75,23.625,0.8,9.008264447575694
small_world,10,0.1,0.4,0.7983835736129316,85.66666666666667,27.666666666666668,0.6,13.583835490979743
small_world,10,0.12,0.2,0.9935779816513761,288.6,17.9,1.0,4.165644052315329
small_world,10,0.12,0.3,0.9647589922819281,193.66666666666666,18.88888888888889,0.9,4.92871496292836
small_world,10,0.12,0.4,0.9008300567933595,114.77777777777777,22.88888888888889,0.9,8.418480839455986
small_world,10,0.12,0.5,0.8001310615989516,79.66666666666667,22.333333333333332,0.6,7.984298861869098
small_world,10,0.14,0.2,0.9971166448230668,322.6,15.9,1.0,2.965449811809048
small_world,10,0.14,0.3,0.9785932721712539,235.88888888888889,16.555555555555557,0.9,3.3485042113752597
small_world,10,0.14,0.4,0.946264744429882,157.44444444444446,17.444444444444443,0.9,4.028897094429391
small_world,10,0.14,0.5,0.8964613368283093,107.0,18.5,0.8,4.863935349090902
small_world,10,0.16,0.2,0.9989515072083879,354.3,14.9,1.0,2.4747710786037302
small_world,10,0.16,0.3,0.9882044560943642,262.0,14.666666666666666,0.9,2.3244176209605176
small_world,10,0.16,0.4,0.9720401922236785,184.0,15.555555555555555,0.9,2.883908914185293
small_world,10,0.16,0.5,0.9338138925294889,146.0,15.625,0.8,2.9868709390770265
small_world,10,0.18,0.2,0.9993446920052425,378.1,13.2,1.0,1.7516223174927175
small_world,10,0.18,0.3,0.9951944080384448,289.6666666666667,13.444444444444445,0.9,1.773579025357673
small_world,10,0.18,0.4,0.9835444881316442,220.22222222222223,13.555555555555555,0.9,1.8707419786028052
small_world,10,0.18,0.5,0.9622833843017329,166.55555555555554,14.333333333333334,0.9,2.3119517338928475
small_world,10,0.2,0.2,0.9996068152031453,404.0,12.0,1.0,1.3662814245159134
small_world,10,0.2,0.3,0.9979612640163099,313.44444444444446,11.666666666666666,0.9,1.1320214643778241
small_world,10,0.2,0.4,0.9908256880733943,241.88888888888889,12.222222222222221,0.9,1.3380116300492664
small_world,10,0.2,0.5,0.980777632153779,191.44444444444446,12.333333333333334,0.9,1.4551170869578323
small_world,12,0.04,0.2,0.7623416339012669,84.33333333333333,45.666666666666664,0.6,44.23939675276657
small_world,12,0.06,0.2,0.9472841124217273,178.66666666666666,27.666666666666668,0.9,13.369958190326296
small_world,12,0.06,0.3,0.7837483617300132,81.11111111111111,34.22222222222222,0.9,22.682756799703384
small_world,12,0.08,0.2,0.9810688801514489,259.44444444444446,20.555555555555557,0.9,6.115320911160607
small_world,12,0.08,0.3,0.9219455366244357,144.55555555555554,23.333333333333332,0.9,8.750628065387518
small_world,12,0.08,0.4,0.7460681520314548,70.0,30.25,0.8,16.93295139013143
small_world,12,0.1,0.2,0.9953400320372796,306.8888888888889,16.555555555555557,0.9,3.3294520368550735
small_world,12,0.1,0.3,0.9688364642493082,198.77777777777777,18.555555555555557,0.9,4.686759022336865
small_world,12,0.1,0.4,0.9133537206931703,129.11111111111111,20.77777777777778,0.9,6.517783422211423
small_world,12,0.1,0.5,0.8173328964613369,88.875,21.25,0.8,7.000070655514281
small_world,12,0.12,0.2,0.9979612640163099,349.1111111111111,14.555555555555555,0.9,2.300041846682431
small_world,12,0.12,0.3,0.9868938401048492,253.0,14.777777777777779,0.9,2.384625089776818
small_world,12,0.12,0.4,0.9605358963157128,188.11111111111111,15.11111111111111,0.9,2.6280048230965143
small_world,12,0.12,0.5,0.91131498470948,130.44444444444446,16.88888888888889,0.9,3.7379131655973077
small_world,12,0.14,0.2,0.9988350080093199,381.55555555555554,13.333333333333334,0.9,1.8110750160616749
small_world,12,0.14,0.3,0.9933012960535896,292.3333333333333,13.222222222222221,0.9,1.6799059316712834
small_world,12,0.14,0.4,0.983690112130479,219.33333333333334,13.777777777777779,0.9,1.9671603032362657
small_world,12,0.14,0.5,0.9494684724042521,151.77777777777777,15.666666666666666,0.9,3.0086118648745743
small_world,12,0.16,0.2,0.9997087520023299,414.1111111111111,12.222222222222221,0.9,1.4671653186562807
small_world,12,0.16,0.3,0.9976700160186398,318.44444444444446,12.222222222222221,0.9,1.3170899267005014
small_world,12,0.16,0.4,0.9874763361001891,239.77777777777777,12.444444444444445,0.9,1.4141865047535784
small_world,12,0.16,0.5,0.9734964322120285,195.66666666666666,13.222222222222221,0.9,1.7699910805218018
small_world,12,0.18,0.2,0.9997087520023299,437.22222222222223,10.88888888888889,0.9,1.1220928114489352
small_world,12,0.18,0.3,0.9978156400174749,345.44444444444446,10.555555555555555,0.9,0.8389710107941917
small_world,12,0.18,0.4,0.9943206640454346,270.8888888888889,11.11111111111111,0.9,0.9660315065805436
small_world,12,0.18,0.5,0.9860200961118392,226.55555555555554,11.11111111111111,0.9,1.0034672794810804
small_world,12,0.2,0.2,1.0,444.3,10.6,1.0,1.069129208421661
small_world,12,0.2,0.3,0.9994757536041939,359.8,10.1,1.0,0.7495163282003954
small_world,12,0.2,0.4,0.9969855832241153,285.5,10.2,1.0,0.7277049655329239
small_world,12,0.2,0.5,0.9914809960681522,247.8,10.4,1.0,0.7941988845519427
