topology,strategy,beta,replication,final_size,peak_infected,time_to_peak,duration,budget
random,random,0.1,0,0.9033333333333333,132,24,72,0.05
random,random,0.1,1,0.8966666666666666,149,21,84,0.05
random,random,0.1,2,0.8866666666666667,124,17,71,0.05
random,random,0.1,3,0.9033333333333333,130,21,101,0.05
random,random,0.1,4,0.9066666666666666,137,19,75,0.05
random,random,0.1,5,0.0033333333333333335,1,0,1,0.05
random,random,0.1,6,0.8366666666666667,110,29,92,0.05
random,random,0.1,7,0.8666666666666667,131,18,77,0.05
random,random,0.1,8,0.0033333333333333335,1,0,4,0.05
random,random,0.1,9,0.9033333333333333,137,22,72,0.05
random,random,0.1,10,0.9033333333333333,134,19,77,0.05
random,random,0.1,11,0.9133333333333333,122,19,60,0.05
random,random,0.1,12,0.87,115,24,77,0.05
random,random,0.1,13,0.8933333333333333,119,18,79,0.05
random,random,0.1,14,0.006666666666666667,2,2,4,0.05
random,random,0.1,15,0.01,3,1,6,0.05
random,random,0.1,16,0.9233333333333333,126,18,70,0.05
random,random,0.1,17,0.87,129,22,81,0.05
random,random,0.1,18,0.8966666666666666,126,32,95,0.05
random,random,0.1,19,0.91,123,26,83,0.05
random,random,0.1,20,0.0033333333333333335,1,0,7,0.05
random,random,0.1,21,0.89,130,26,81,0.05
random,random,0.1,22,0.8666666666666667,124,18,66,0.05
random,random,0.1,23,0.006666666666666667,2,1,2,0.05
random,random,0.1,24,0.9066666666666666,123,21,87,0.05
random,random,0.1,25,0.9133333333333333,136,14,65,0.05
random,random,0.1,26,0.89,133,24,80,0.05
random,random,0.1,27,0.8966666666666666,124,21,58,0.05
random,random,0.1,28,0.8833333333333333,134,27,78,0.05
random,random,0.1,29,0.88,138,17,83,0.05
random,random,0.1,30,0.8866666666666667,144,17,70,0.05
random,random,0.1,31,0.9066666666666666,125,22,75,0.05
random,random,0.1,32,0.9133333333333333,127,26,75,0.05
random,random,0.1,33,0.8833333333333333,127,19,90,0.05
random,random,0.1,34,0.9066666666666666,137,16,81,0.05
random,random,0.1,35,0.86,119,20,73,0.05
random,random,0.1,36,0.9066666666666666,141,16,89,0.05
random,random,0.1,37,0.8933333333333333,127,21,76,0.05
random,random,0.1,38,0.8833333333333333,132,18,82,0.05
random,random,0.1,39,0.9066666666666666,135,20,100,0.05
random,random,0.2,0,0.9266666666666666,191,17,101,0.05
random,random,0.2,1,0.94,181,16,74,0.05
random,random,0.2,2,0.9366666666666666,183,10,58,0.05
random,random,0.2,3,0.94,179,11,65,0.05
random,random,0.2,4,0.9333333333333333,189,11,66,0.05
random,random,0.2,5,0.0033333333333333335,1,0,1,0.05
random,random,0.2,6,0.9333333333333333,171,16,58,0.05
random,random,0.2,7,0.92,173,12,49,0.05
random,random,0.2,8,0.0033333333333333335,1,0,4,0.05
random,random,0.2,9,0.9333333333333333,176,15,64,0.05
random,random,0.2,10,0.9333333333333333,174,12,90,0.05
random,random,0.2,11,0.93,184,10,82,0.05
random,random,0.2,12,0.93,186,11,78,0.05
random,random,0.2,13,0.9266666666666666,186,12,75,0.05
random,random,0.2,14,0.94,180,17,72,0.05
random,random,0.2,15,0.94,188,10,68,0.05
random,random,0.2,16,0.94,166,12,68,0.05
random,random,0.2,17,0.93,181,12,92,0.05
random,random,0.2,18,0.93,173,12,63,0.05
random,random,0.2,19,0.9366666666666666,184,12,59,0.05
random,random,0.2,20,0.0033333333333333335,1,0,7,0.05
random,random,0.2,21,0.9333333333333333,180,14,60,0.05
random,random,0.2,22,0.93,196,10,55,0.05
random,random,0.2,23,0.9366666666666666,184,13,80,0.05
random,random,0.2,24,0.9366666666666666,185,10,73,0.05
random,random,0.2,25,0.9433333333333334,178,11,65,0.05
random,random,0.2,26,0.9366666666666666,178,12,65,0.05
random,random,0.2,27,0.9366666666666666,181,10,84,0.05
random,random,0.2,28,0.9433333333333334,181,15,61,0.05
random,random,0.2,29,0.9266666666666666,178,11,85,0.05
random,random,0.2,30,0.94,189,11,69,0.05
random,random,0.2,31,0.94,174,12,65,0.05
random,random,0.2,32,0.013333333333333334,3,3,6,0.05
random,random,0.2,33,0.9433333333333334,185,11,79,0.05
random,random,0.2,34,0.9333333333333333,174,9,97,0.05
random,random,0.2,35,0.9333333333333333,178,12,68,0.05
random,random,0.2,36,0.9366666666666666,176,10,69,0.05
random,random,0.2,37,0.95,195,11,77,0.05
random,random,0.2,38,0.9233333333333333,167,14,53,0.05
random,random,0.2,39,0.9233333333333333,187,10,80,0.05
random,degree,0.1,0,0.89,118,24,107,0.05
random,degree,0.1,1,0.9166666666666666,134,20,82,0.05
random,degree,0.1,2,0.8766666666666667,133,22,83,0.05
random,degree,0.1,3,0.0033333333333333335,1,0,4,0.05
random,degree,0.1,4,0.8966666666666666,132,25,69,0.05
random,degree,0.1,5,0.84,106,40,102,0.05
random,degree,0.1,6,0.8633333333333333,134,21,72,0.05
random,degree,0.1,7,0.88,106,15,64,0.05
random,degree,0.1,8,0.9066666666666666,103,21,93,0.05
random,degree,0.1,9,0.9066666666666666,121,27,83,0.05
random,degree,0.1,10,0.9066666666666666,115,29,103,0.05
random,degree,0.1,11,0.8933333333333333,114,29,70,0.05
random,degree,0.1,12,0.8533333333333334,114,22,74,0.05
random,degree,0.1,13,0.91,130,23,108,0.05
random,degree,0.1,14,0.8633333333333333,108,19,79,0.05
random,degree,0.1,15,0.006666666666666667,1,0,11,0.05
random,degree,0.1,16,0.8666666666666667,132,20,62,0.05
random,degree,0.1,17,0.9166666666666666,127,24,76,0.05
random,degree,0.1,18,0.89,114,40,83,0.05
random,degree,0.1,19,0.88,121,28,67,0.05
random,degree,0.1,20,0.9033333333333333,136,28,91,0.05
random,degree,0.1,21,0.8566666666666667,95,36,93,0.05
random,degree,0.1,22,0.0033333333333333335,1,0,2,0.05
random,degree,0.1,23,0.8966666666666666,132,18,74,0.05
random,degree,0.1,24,0.8966666666666666,135,25,82,0.05
random,degree,0.1,25,0.8766666666666667,129,17,85,0.05
random,degree,0.1,26,0.8966666666666666,130,28,94,0.05
random,degree,0.1,27,0.9,114,24,70,0.05
random,degree,0.1,28,0.9,118,29,75,0.05
random,degree,0.1,29,0.9,118,20,92,0.05
random,degree,0.1,30,0.8566666666666667,104,23,77,0.05
random,degree,0.1,31,0.89,120,22,78,0.05
random,degree,0.1,32,0.0033333333333333335,1,0,1,0.05
random,degree,0.1,33,0.88,123,23,84,0.05
random,degree,0.1,34,0.0033333333333333335,1,0,1,0.05
random,degree,0.1,35,0.9066666666666666,126,20,82,0.05
random,degree,0.1,36,0.8766666666666667,122,24,73,0.05
random,degree,0.1,37,0.89,132,26,80,0.05
random,degree,0.1,38,0.85,107,18,61,0.05
random,degree,0.1,39,0.8733333333333333,120,17,114,0.05
random,degree,0.2,0,0.9133333333333333,174,16,63,0.05
random,degree,0.2,1,0.9366666666666666,203,13,74,0.05
random,degree,0.2,2,0.9366666666666666,170,12,67,0.05
random,degree,0.2,3,0.9466666666666667,185,12,93,0.05
random,degree,0.2,4,0.9333333333333333,169,15,72,0.05
random,degree,0.2,5,0.9166666666666666,151,17,100,0.05
random,degree,0.2,6,0.9266666666666666,163,15,61,0.05
random,degree,0.2,7,0.93,170,12,47,0.05
random,degree,0.2,8,0.9333333333333333,170,11,76,0.05
random,degree,0.2,9,0.9266666666666666,174,15,93,0.05
random,degree,0.2,10,0.9233333333333333,174,13,91,0.05
random,degree,0.2,11,0.9366666666666666,173,16,66,0.05
random,degree,0.2,12,0.92,165,16,99,0.05
random,degree,0.2,13,0.9366666666666666,168,14,76,0.05
random,degree,0.2,14,0.9366666666666666,178,13,78,0.05
random,degree,0.2,15,0.9333333333333333,177,17,88,0.05
random,degree,0.2,16,0.92,160,16,65,0.05
random,degree,0.2,17,0.92,181,13,92,0.05
random,degree,0.2,18,0.94,163,13,61,0.05
random,degree,0.2,19,0.9066666666666666,187,14,83,0.05
random,degree,0.2,20,0.9366666666666666,182,19,99,0.05
random,degree,0.2,21,0.013333333333333334,3,7,20,0.05
random,degree,0.2,22,0.0033333333333333335,1,0,2,0.05
random,degree,0.2,23,0.92,174,13,67,0.05
random,degree,0.2,24,0.9366666666666666,188,13,66,0.05
random,degree,0.2,25,0.9366666666666666,180,11,82,0.05
random,degree,0.2,26,0.9166666666666666,166,13,96,0.05
random,degree,0.2,27,0.9266666666666666,180,12,72,0.05
random,degree,0.2,28,0.91,179,12,70,0.05
random,degree,0.2,29,0.92,177,14,78,0.05
random,degree,0.2,30,0.94,173,11,54,0.05
random,degree,0.2,31,0.9266666666666666,182,15,68,0.05
random,degree,0.2,32,0.9366666666666666,185,14,66,0.05
random,degree,0.2,33,0.9433333333333334,184,12,68,0.05
random,degree,0.2,34,0.0033333333333333335,1,0,1,0.05
random,degree,0.2,35,0.92,180,13,63,0.05
random,degree,0.2,36,0.9366666666666666,185,11,74,0.05
random,degree,0.2,37,0.9333333333333333,170,15,110,0.05
random,degree,0.2,38,0.93,173,12,58,0.05
random,degree,0.2,39,0.92,155,14,86,0.05
random,random,0.1,0,0.0033333333333333335,1,0,7,0.1
random,random,0.1,1,0.8233333333333334,97,25,92,0.1
random,random,0.1,2,0.8466666666666667,109,18,85,0.1
random,random,0.1,3,0.0033333333333333335,1,0,4,0.1
random,random,0.1,4,0.0033333333333333335,1,0,2,0.1
random,random,0.1,5,0.0033333333333333335,1,0,1,0.1
random,random,0.1,6,0.8466666666666667,115,26,79,0.1
random,random,0.1,7,0.8333333333333334,142,15,64,0.1
random,random,0.1,8,0.8433333333333334,117,18,61,0.1
random,random,0.1,9,0.8366666666666667,118,22,144,0.1
random,random,0.1,10,0.85,130,19,74,0.1
random,random,0.1,11,0.83,115,22,88,0.1
random,random,0.1,12,0.8133333333333334,114,31,81,0.1
random,random,0.1,13,0.83,113,27,72,0.1
random,random,0.1,14,0.006666666666666667,2,2,3,0.1
random,random,0.1,15,0.86,124,21,69,0.1
random,random,0.1,16,0.8133333333333334,102,20,74,0.1
random,random,0.1,17,0.8533333333333334,131,21,94,0.1
random,random,0.1,18,0.013333333333333334,2,9,20,0.1
random,random,0.1,19,0.8366666666666667,123,23,80,0.1
random,random,0.1,20,0.8433333333333334,101,31,76,0.1
random,random,0.1,21,0.8333333333333334,101,25,94,0.1
random,random,0.1,22,0.7966666666666666,116,26,68,0.1
random,random,0.1,23,0.8433333333333334,97,25,83,0.1
random,random,0.1,24,0.8133333333333334,106,22,72,0.1
random,random,0.1,25,0.84,110,18,97,0.1
random,random,0.1,26,0.81,107,21,101,0.1
random,random,0.1,27,0.84,118,20,88,0.1
random,random,0.1,28,0.83,110,26,80,0.1
random,random,0.1,29,0.8366666666666667,108,24,63,0.1
random,random,0.1,30,0.8233333333333334,111,17,61,0.1
random,random,0.1,31,0.8466666666666667,133,22,86,0.1
random,random,0.1,32,0.8466666666666667,126,15,76,0.1
random,random,0.1,33,0.8366666666666667,120,21,76,0.1
random,random,0.1,34,0.006666666666666667,2,2,3,0.1
random,random,0.1,35,0.85,114,20,70,0.1
random,random,0.1,36,0.86,136,15,91,0.1
random,random,0.1,37,0.8633333333333333,132,19,78,0.1
random,random,0.1,38,0.81,118,23,79,0.1
random,random,0.1,39,0.85,116,18,72,0.1
random,random,0.2,0,0.0033333333333333335,1,0,7,0.1
random,random,0.2,1,0.89,178,12,90,0.1
random,random,0.2,2,0.8866666666666667,167,11,65,0.1
random,random,0.2,3,0.89,172,12,81,0.1
random,random,0.2,4,0.0033333333333333335,1,0,2,0.1
random,random,0.2,5,0.0033333333333333335,1,0,1,0.1
random,random,0.2,6,0.88,154,16,57,0.1
random,random,0.2,7,0.8466666666666667,146,11,67,0.1
random,random,0.2,8,0.88,172,11,72,0.1
random,random,0.2,9,0.88,177,15,64,0.1
random,random,0.2,10,0.88,168,13,96,0.1
random,random,0.2,11,0.8933333333333333,175,13,104,0.1
random,random,0.2,12,0.8733333333333333,166,15,72,0.1
random,random,0.2,13,0.88,175,11,58,0.1
random,random,0.2,14,0.8833333333333333,160,15,75,0.1
random,random,0.2,15,0.88,171,10,57,0.1
random,random,0.2,16,0.8633333333333333,167,11,55,0.1
random,random,0.2,17,0.8933333333333333,171,13,81,0.1
random,random,0.2,18,0.89,187,11,61,0.1
random,random,0.2,19,0.8666666666666667,172,13,69,0.1
random,random,0.2,20,0.006666666666666667,2,5,8,0.1
random,random,0.2,21,0.8666666666666667,165,14,61,0.1
random,random,0.2,22,0.8666666666666667,168,14,57,0.1
random,random,0.2,23,0.8833333333333333,163,11,66,0.1
random,random,0.2,24,0.8933333333333333,168,12,53,0.1
random,random,0.2,25,0.88,167,11,79,0.1
random,random,0.2,26,0.8866666666666667,167,12,94,0.1
random,random,0.2,27,0.88,177,12,81,0.1
random,random,0.2,28,0.8933333333333333,180,12,63,0.1
random,random,0.2,29,0.8733333333333333,174,13,90,0.1
random,random,0.2,30,0.8866666666666667,174,11,57,0.1
random,random,0.2,31,0.8733333333333333,165,12,71,0.1
random,random,0.2,32,0.8633333333333333,166,8,80,0.1
random,random,0.2,33,0.88,165,14,65,0.1
random,random,0.2,34,0.8766666666666667,147,22,78,0.1
random,random,0.2,35,0.8666666666666667,155,13,85,0.1
random,random,0.2,36,0.87,152,10,46,0.1
random,random,0.2,37,0.8733333333333333,164,13,105,0.1
random,random,0.2,38,0.88,161,11,66,0.1
random,random,0.2,39,0.8733333333333333,166,12,78,0.1
random,degree,0.1,0,0.7966666666666666,107,30,76,0.1
random,degree,0.1,1,0.74,72,26,84,0.1
random,degree,0.1,2,0.78,100,28,73,0.1
random,degree,0.1,3,0.0033333333333333335,1,0,5,0.1
random,degree,0.1,4,0.8166666666666667,97,26,109,0.1
random,degree,0.1,5,0.7066666666666667,67,28,101,0.1
random,degree,0.1,6,0.7766666666666666,89,31,77,0.1
random,degree,0.1,7,0.8,86,18,102,0.1
random,degree,0.1,8,0.8233333333333334,99,19,73,0.1
random,degree,0.1,9,0.013333333333333334,3,7,21,0.1
random,degree,0.1,10,0.7933333333333333,79,30,105,0.1
random,degree,0.1,11,0.7866666666666666,90,36,105,0.1
random,degree,0.1,12,0.7866666666666666,100,28,75,0.1
random,degree,0.1,13,0.8233333333333334,110,23,87,0.1
random,degree,0.1,14,0.8033333333333333,102,26,88,0.1
random,degree,0.1,15,0.006666666666666667,2,1,22,0.1
random,degree,0.1,16,0.8033333333333333,111,23,73,0.1
random,degree,0.1,17,0.8233333333333334,103,27,86,0.1
random,degree,0.1,18,0.79,98,38,79,0.1
random,degree,0.1,19,0.82,92,32,111,0.1
random,degree,0.1,20,0.0033333333333333335,1,0,3,0.1
random,degree,0.1,21,0.7533333333333333,81,23,99,0.1
random,degree,0.1,22,0.7333333333333333,71,30,65,0.1
random,degree,0.1,23,0.7366666666666667,100,25,69,0.1
random,degree,0.1,24,0.8266666666666667,108,32,82,0.1
random,degree,0.1,25,0.0033333333333333335,1,0,1,0.1
random,degree,0.1,26,0.8033333333333333,89,30,95,0.1
random,degree,0.1,27,0.8266666666666667,115,22,73,0.1
random,degree,0.1,28,0.8066666666666666,84,34,94,0.1
random,degree,0.1,29,0.8366666666666667,102,30,80,0.1
random,degree,0.1,30,0.0033333333333333335,1,0,1,0.1
random,degree,0.1,31,0.83,103,51,113,0.1
random,degree,0.1,32,0.8,69,20,71,0.1
random,degree,0.1,33,0.8666666666666667,115,28,71,0.1
random,degree,0.1,34,0.7933333333333333,93,32,78,0.1
random,degree,0.1,35,0.8133333333333334,84,33,79,0.1
random,degree,0.1,36,0.8166666666666667,96,35,87,0.1
random,degree,0.1,37,0.006666666666666667,2,1,5,0.1
random,degree,0.1,38,0.76,79,35,95,0.1
random,degree,0.1,39,0.8166666666666667,105,34,93,0.1
random,degree,0.2,0,0.8633333333333333,131,20,78,0.1
random,degree,0.2,1,0.8866666666666667,170,13,95,0.1
random,degree,0.2,2,0.8766666666666667,157,14,62,0.1
random,degree,0.2,3,0.8766666666666667,163,13,102,0.1
random,degree,0.2,4,0.8633333333333333,145,14,61,0.1
random,degree,0.2,5,0.8533333333333334,138,18,74,0.1
random,degree,0.2,6,0.8866666666666667,165,15,57,0.1
random,degree,0.2,7,0.86,143,14,64,0.1
random,degree,0.2,8,0.87,138,15,64,0.1
random,degree,0.2,9,0.87,149,18,59,0.1
random,degree,0.2,10,0.87,147,15,71,0.1
random,degree,0.2,11,0.8933333333333333,169,14,79,0.1
random,degree,0.2,12,0.8466666666666667,147,16,76,0.1
random,degree,0.2,13,0.87,147,14,58,0.1
random,degree,0.2,14,0.8733333333333333,146,16,72,0.1
random,degree,0.2,15,0.01,2,1,17,0.1
random,degree,0.2,16,0.8733333333333333,138,17,73,0.1
random,degree,0.2,17,0.8766666666666667,161,14,76,0.1
random,degree,0.2,18,0.8566666666666667,158,13,82,0.1
random,degree,0.2,19,0.86,163,16,95,0.1
random,degree,0.2,20,0.8666666666666667,149,13,80,0.1
random,degree,0.2,21,0.8766666666666667,151,15,57,0.1
random,degree,0.2,22,0.8533333333333334,138,14,68,0.1
random,degree,0.2,23,0.8766666666666667,144,12,63,0.1
random,degree,0.2,24,0.89,156,13,59,0.1
random,degree,0.2,25,0.0033333333333333335,1,0,1,0.1
random,degree,0.2,26,0.8666666666666667,156,14,88,0.1
random,degree,0.2,27,0.86,139,13,91,0.1
random,degree,0.2,28,0.85,146,24,84,0.1
random,degree,0.2,29,0.8666666666666667,135,17,70,0.1
random,degree,0.2,30,0.0033333333333333335,1,0,1,0.1
random,degree,0.2,31,0.87,157,17,77,0.1
random,degree,0.2,32,0.8666666666666667,157,14,100,0.1
random,degree,0.2,33,0.8733333333333333,155,16,79,0.1
random,degree,0.2,34,0.8566666666666667,147,15,67,0.1
random,degree,0.2,35,0.8866666666666667,148,16,81,0.1
random,degree,0.2,36,0.87,128,16,58,0.1
random,degree,0.2,37,0.8866666666666667,138,16,89,0.1
random,degree,0.2,38,0.86,145,15,81,0.1
random,degree,0.2,39,0.87,149,17,81,0.1
random,random,0.1,0,0.74,92,19,94,0.2
random,random,0.1,1,0.7233333333333334,83,22,80,0.2
random,random,0.1,2,0.75,109,22,66,0.2
random,random,0.1,3,0.72,83,35,87,0.2
random,random,0.1,4,0.7266666666666667,89,22,74,0.2
random,random,0.1,5,0.0033333333333333335,1,0,5,0.2
random,random,0.1,6,0.7166666666666667,98,17,74,0.2
random,random,0.1,7,0.7433333333333333,84,25,62,0.2
random,random,0.1,8,0.0033333333333333335,1,0,1,0.2
random,random,0.1,9,0.7266666666666667,99,24,69,0.2
random,random,0.1,10,0.74,85,18,95,0.2
random,random,0.1,11,0.71,98,25,82,0.2
random,random,0.1,12,0.7,70,26,140,0.2
random,random,0.1,13,0.7,69,25,86,0.2
random,random,0.1,14,0.6966666666666667,82,27,66,0.2
random,random,0.1,15,0.7133333333333334,79,25,96,0.2
random,random,0.1,16,0.7066666666666667,86,28,88,0.2
random,random,0.1,17,0.7333333333333333,99,23,95,0.2
random,random,0.1,18,0.7433333333333333,94,35,91,0.2
random,random,0.1,19,0.73,107,19,83,0.2
random,random,0.1,20,0.6633333333333333,78,23,70,0.2
random,random,0.1,21,0.6933333333333334,88,31,89,0.2
random,random,0.1,22,0.75,104,24,82,0.2
random,random,0.1,23,0.7333333333333333,109,21,72,0.2
random,random,0.1,24,0.0033333333333333335,1,0,3,0.2
random,random,0.1,25,0.7533333333333333,100,23,83,0.2
random,random,0.1,26,0.0033333333333333335,1,0,9,0.2
random,random,0.1,27,0.006666666666666667,2,1,4,0.2
random,random,0.1,28,0.0033333333333333335,1,0,2,0.2
random,random,0.1,29,0.73,85,22,88,0.2
random,random,0.1,30,0.0033333333333333335,1,0,2,0.2
random,random,0.1,31,0.74,92,19,77,0.2
random,random,0.1,32,0.7133333333333334,84,18,81,0.2
random,random,0.1,33,0.0033333333333333335,1,0,2,0.2
random,random,0.1,34,0.006666666666666667,1,0,2,0.2
random,random,0.1,35,0.75,105,28,83,0.2
random,random,0.1,36,0.7333333333333333,83,17,97,0.2
random,random,0.1,37,0.0033333333333333335,1,0,2,0.2
random,random,0.1,38,0.0033333333333333335,1,0,2,0.2
random,random,0.1,39,0.72,90,20,112,0.2
random,random,0.2,0,0.79,147,12,65,0.2
random,random,0.2,1,0.7833333333333333,150,13,76,0.2
random,random,0.2,2,0.7733333333333333,146,11,65,0.2
random,random,0.2,3,0.7833333333333333,153,13,78,0.2
random,random,0.2,4,0.77,160,12,69,0.2
random,random,0.2,5,0.0033333333333333335,1,0,5,0.2
random,random,0.2,6,0.7633333333333333,137,10,87,0.2
random,random,0.2,7,0.77,146,12,58,0.2
random,random,0.2,8,0.7866666666666666,132,13,64,0.2
random,random,0.2,9,0.7833333333333333,140,14,76,0.2
random,random,0.2,10,0.78,122,12,59,0.2
random,random,0.2,11,0.7666666666666667,148,15,57,0.2
random,random,0.2,12,0.7633333333333333,154,15,77,0.2
random,random,0.2,13,0.7733333333333333,141,13,59,0.2
random,random,0.2,14,0.7633333333333333,131,15,60,0.2
random,random,0.2,15,0.7866666666666666,138,15,76,0.2
random,random,0.2,16,0.7533333333333333,136,13,57,0.2
random,random,0.2,17,0.78,133,13,61,0.2
random,random,0.2,18,0.7766666666666666,145,15,58,0.2
random,random,0.2,19,0.76,148,12,83,0.2
random,random,0.2,20,0.7766666666666666,154,12,60,0.2
random,random,0.2,21,0.7766666666666666,138,16,57,0.2
random,random,0.2,22,0.78,143,12,95,0.2
random,random,0.2,23,0.7766666666666666,149,13,78,0.2
random,random,0.2,24,0.7633333333333333,134,15,66,0.2
random,random,0.2,25,0.7766666666666666,143,16,85,0.2
random,random,0.2,26,0.77,136,19,69,0.2
random,random,0.2,27,0.7666666666666667,132,13,70,0.2
random,random,0.2,28,0.77,152,13,68,0.2
random,random,0.2,29,0.7666666666666667,129,10,76,0.2
random,random,0.2,30,0.0033333333333333335,1,0,2,0.2
random,random,0.2,31,0.7633333333333333,134,15,66,0.2
random,random,0.2,32,0.7533333333333333,119,15,93,0.2
random,random,0.2,33,0.7566666666666667,135,12,74,0.2
random,random,0.2,34,0.006666666666666667,1,0,2,0.2
random,random,0.2,35,0.77,142,12,59,0.2
random,random,0.2,36,0.7833333333333333,155,13,65,0.2
random,random,0.2,37,0.0033333333333333335,1,0,2,0.2
random,random,0.2,38,0.0033333333333333335,1,0,2,0.2
random,random,0.2,39,0.7666666666666667,121,17,76,0.2
random,degree,0.1,0,0.0033333333333333335,1,0,1,0.2
random,degree,0.1,1,0.6633333333333333,63,50,108,0.2
random,degree,0.1,2,0.6266666666666667,56,41,96,0.2
random,degree,0.1,3,0.64,47,52,114,0.2
random,degree,0.1,4,0.6133333333333333,47,38,118,0.2
random,degree,0.1,5,0.58,45,29,82,0.2
random,degree,0.1,6,0.44666666666666666,42,29,81,0.2
random,degree,0.1,7,0.49,32,26,104,0.2
random,degree,0.1,8,0.0033333333333333335,1,0,1,0.2
random,degree,0.1,9,0.63,53,34,90,0.2
random,degree,0.1,10,0.6566666666666666,61,38,94,0.2
random,degree,0.1,11,0.01,1,0,11,0.2
random,degree,0.1,12,0.55,37,60,123,0.2
random,degree,0.1,13,0.67,69,34,81,0.2
random,degree,0.1,14,0.5533333333333333,46,39,85,0.2
random,degree,0.1,15,0.6666666666666666,61,47,91,0.2
random,degree,0.1,16,0.58,38,43,93,0.2
random,degree,0.1,17,0.64,65,28,110,0.2
random,degree,0.1,18,0.01,2,13,18,0.2
random,degree,0.1,19,0.5966666666666667,46,41,109,0.2
random,degree,0.1,20,0.006666666666666667,1,0,6,0.2
random,degree,0.1,21,0.59,42,36,109,0.2
random,degree,0.1,22,0.006666666666666667,2,1,17,0.2
random,degree,0.1,23,0.5533333333333333,38,41,104,0.2
random,degree,0.1,24,0.0033333333333333335,1,0,3,0.2
random,degree,0.1,25,0.68,56,30,94,0.2
random,degree,0.1,26,0.59,61,45,104,0.2
random,degree,0.1,27,0.5933333333333334,53,42,130,0.2
random,degree,0.1,28,0.6133333333333333,48,41,130,0.2
random,degree,0.1,29,0.6033333333333334,48,49,129,0.2
random,degree,0.1,30,0.6233333333333333,70,28,93,0.2
random,degree,0.1,31,0.0033333333333333335,1,0,1,0.2
random,degree,0.1,32,0.6833333333333333,55,54,121,0.2
random,degree,0.1,33,0.69,72,39,91,0.2
random,degree,0.1,34,0.0033333333333333335,1,0,1,0.2
random,degree,0.1,35,0.6166666666666667,50,35,91,0.2
random,degree,0.1,36,0.6133333333333333,72,24,71,0.2
random,degree,0.1,37,0.0033333333333333335,1,0,1,0.2
random,degree,0.1,38,0.01,2,2,19,0.2
random,degree,0.1,39,0.59,47,24,108,0.2
random,degree,0.2,0,0.0033333333333333335,1,0,1,0.2
random,degree,0.2,1,0.73,100,19,71,0.2
random,degree,0.2,2,0.72,107,15,60,0.2
random,degree,0.2,3,0.7566666666666667,107,19,71,0.2
random,degree,0.2,4,0.72,105,21,78,0.2
random,degree,0.2,5,0.6933333333333334,97,20,59,0.2
random,degree,0.2,6,0.7033333333333334,111,16,62,0.2
random,degree,0.2,7,0.7266666666666667,98,17,63,0.2
random,degree,0.2,8,0.01,1,0,4,0.2
random,degree,0.2,9,0.7133333333333334,108,16,59,0.2
random,degree,0.2,10,0.75,109,20,85,0.2
random,degree,0.2,11,0.7633333333333333,114,17,71,0.2
random,degree,0.2,12,0.6766666666666666,99,27,102,0.2
random,degree,0.2,13,0.7366666666666667,101,18,76,0.2
random,degree,0.2,14,0.7333333333333333,110,21,73,0.2
random,degree,0.2,15,0.74,108,20,72,0.2
random,degree,0.2,16,0.7166666666666667,88,20,67,0.2
random,degree,0.2,17,0.7366666666666667,105,18,70,0.2
random,degree,0.2,18,0.7566666666666667,114,23,77,0.2
random,degree,0.2,19,0.7133333333333334,113,15,66,0.2
random,degree,0.2,20,0.75,117,18,59,0.2
random,degree,0.2,21,0.7233333333333334,97,21,76,0.2
random,degree,0.2,22,0.7233333333333334,92,24,97,0.2
random,degree,0.2,23,0.73,100,18,78,0.2
random,degree,0.2,24,0.7366666666666667,100,20,65,0.2
random,degree,0.2,25,0.75,112,18,66,0.2
random,degree,0.2,26,0.73,98,26,89,0.2
random,degree,0.2,27,0.7433333333333333,96,17,75,0.2
random,degree,0.2,28,0.68,93,23,107,0.2
random,degree,0.2,29,0.7333333333333333,113,19,88,0.2
random,degree,0.2,30,0.7366666666666667,111,15,79,0.2
random,degree,0.2,31,0.7533333333333333,106,18,63,0.2
random,degree,0.2,32,0.7466666666666667,135,20,85,0.2
random,degree,0.2,33,0.01,3,3,6,0.2
random,degree,0.2,34,0.0033333333333333335,1,0,1,0.2
random,degree,0.2,35,0.7433333333333333,122,16,75,0.2
random,degree,0.2,36,0.7366666666666667,110,17,71,0.2
random,degree,0.2,37,0.0033333333333333335,1,0,1,0.2
random,degree,0.2,38,0.7133333333333334,102,28,75,0.2
random,degree,0.2,39,0.7366666666666667,99,22,64,0.2
random,random,0.1,0,0.5833333333333334,64,24,82,0.3
random,random,0.1,1,0.0033333333333333335,1,0,1,0.3
random,random,0.1,2,0.006666666666666667,2,1,76,0.3
random,random,0.1,3,0.61,71,26,89,0.3
random,random,0.1,4,0.6,67,22,78,0.3
random,random,0.1,5,0.5866666666666667,64,33,100,0.3
random,random,0.1,6,0.006666666666666667,1,0,3,0.3
random,random,0.1,7,0.0033333333333333335,1,0,1,0.3
random,random,0.1,8,0.53,47,28,79,0.3
random,random,0.1,9,0.6133333333333333,71,25,83,0.3
random,random,0.1,10,0.5866666666666667,63,24,80,0.3
random,random,0.1,11,0.63,76,19,87,0.3
random,random,0.1,12,0.6033333333333334,58,58,135,0.3
random,random,0.1,13,0.6066666666666667,59,25,76,0.3
random,random,0.1,14,0.0033333333333333335,1,0,1,0.3
random,random,0.1,15,0.5633333333333334,53,25,86,0.3
random,random,0.1,16,0.59,70,22,64,0.3
random,random,0.1,17,0.6266666666666667,68,25,105,0.3
random,random,0.1,18,0.63,77,44,98,0.3
random,random,0.1,19,0.006666666666666667,2,1,5,0.3
random,random,0.1,20,0.0033333333333333335,1,0,12,0.3
random,random,0.1,21,0.5733333333333334,68,22,72,0.3
random,random,0.1,22,0.58,65,23,87,0.3
random,random,0.1,23,0.0033333333333333335,1,0,1,0.3
random,random,0.1,24,0.0033333333333333335,1,0,6,0.3
random,random,0.1,25,0.59,85,16,80,0.3
random,random,0.1,26,0.016666666666666666,3,7,18,0.3
random,random,0.1,27,0.5533333333333333,53,18,77,0.3
random,random,0.1,28,0.0033333333333333335,1,0,2,0.3
random,random,0.1,29,0.57,65,31,84,0.3
random,random,0.1,30,0.5933333333333334,61,34,85,0.3
random,random,0.1,31,0.6166666666666667,80,40,110,0.3
random,random,0.1,32,0.0033333333333333335,1,0,1,0.3
random,random,0.1,33,0.62,74,25,77,0.3
random,random,0.1,34,0.5933333333333334,63,26,121,0.3
random,random,0.1,35,0.6166666666666667,59,16,70,0.3
random,random,0.1,36,0.5766666666666667,67,14,59,0.3
random,random,0.1,37,0.6166666666666667,83,22,69,0.3
random,random,0.1,38,0.5933333333333334,54,53,97,0.3
random,random,0.1,39,0.006666666666666667,1,0,2,0.3
random,random,0.2,0,0.6433333333333333,109,19,56,0.3
random,random,0.2,1,0.0033333333333333335,1,0,1,0.3
random,random,0.2,2,0.006666666666666667,2,1,76,0.3
random,random,0.2,3,0.67,126,12,60,0.3
random,random,0.2,4,0.6633333333333333,107,14,86,0.3
random,random,0.2,5,0.64,103,17,72,0.3
random,random,0.2,6,0.65,129,15,51,0.3
random,random,0.2,7,0.0033333333333333335,1,0,1,0.3
random,random,0.2,8,0.6533333333333333,114,11,65,0.3
random,random,0.2,9,0.6566666666666666,122,11,64,0.3
random,random,0.2,10,0.6633333333333333,114,12,61,0.3
random,random,0.2,11,0.68,126,14,82,0.3
random,random,0.2,12,0.6466666666666666,102,23,120,0.3
random,random,0.2,13,0.66,119,15,62,0.3
random,random,0.2,14,0.0033333333333333335,1,0,1,0.3
random,random,0.2,15,0.65,128,12,63,0.3
random,random,0.2,16,0.6566666666666666,101,19,81,0.3
random,random,0.2,17,0.6866666666666666,111,17,81,0.3
random,random,0.2,18,0.6733333333333333,103,15,58,0.3
random,random,0.2,19,0.6766666666666666,128,14,69,0.3
random,random,0.2,20,0.6866666666666666,130,16,76,0.3
random,random,0.2,21,0.6566666666666666,117,14,59,0.3
random,random,0.2,22,0.65,105,18,70,0.3
random,random,0.2,23,0.0033333333333333335,1,0,1,0.3
random,random,0.2,24,0.006666666666666667,2,3,8,0.3
random,random,0.2,25,0.68,113,11,61,0.3
random,random,0.2,26,0.6366666666666667,100,15,60,0.3
random,random,0.2,27,0.6466666666666666,102,16,54,0.3
random,random,0.2,28,0.6733333333333333,106,14,83,0.3
random,random,0.2,29,0.6633333333333333,113,14,59,0.3
random,random,0.2,30,0.6833333333333333,117,14,54,0.3
random,random,0.2,31,0.67,93,15,59,0.3
random,random,0.2,32,0.63,104,16,52,0.3
random,random,0.2,33,0.6466666666666666,122,13,89,0.3
random,random,0.2,34,0.65,111,14,85,0.3
random,random,0.2,35,0.6733333333333333,134,11,57,0.3
random,random,0.2,36,0.6333333333333333,102,12,62,0.3
random,random,0.2,37,0.6733333333333333,140,14,67,0.3
random,random,0.2,38,0.67,109,16,82,0.3
random,random,0.2,39,0.006666666666666667,1,0,2,0.3
random,degree,0.1,0,0.34,33,48,119,0.3
random,degree,0.1,1,0.0033333333333333335,1,0,1,0.3
random,degree,0.1,2,0.24,18,64,89,0.3
random,degree,0.1,3,0.0033333333333333335,1,0,4,0.3
random,degree,0.1,4,0.0033333333333333335,1,0,2,0.3
random,degree,0.1,5,0.0033333333333333335,1,0,2,0.3
random,degree,0.1,6,0.013333333333333334,2,3,12,0.3
random,degree,0.1,7,0.37333333333333335,30,49,90,0.3
random,degree,0.1,8,0.0033333333333333335,1,0,2,0.3
random,degree,0.1,9,0.02,4,14,29,0.3
random,degree,0.1,10,0.06333333333333334,7,20,36,0.3
random,degree,0.1,11,0.3933333333333333,37,41,86,0.3
random,degree,0.1,12,0.0033333333333333335,1,0,11,0.3
random,degree,0.1,13,0.0033333333333333335,1,0,5,0.3
random,degree,0.1,14,0.22333333333333333,17,44,131,0.3
random,degree,0.1,15,0.006666666666666667,1,0,11,0.3
random,degree,0.1,16,0.0033333333333333335,1,0,2,0.3
random,degree,0.1,17,0.33666666666666667,20,51,107,0.3
random,degree,0.1,18,0.006666666666666667,2,31,34,0.3
random,degree,0.1,19,0.3233333333333333,19,66,123,0.3
random,degree,0.1,20,0.0033333333333333335,1,0,6,0.3
random,degree,0.1,21,0.14333333333333334,16,28,71,0.3
random,degree,0.1,22,0.02,4,6,18,0.3
random,degree,0.1,23,0.013333333333333334,2,1,10,0.3
random,degree,0.1,24,0.0033333333333333335,1,0,4,0.3
random,degree,0.1,25,0.10666666666666667,7,24,81,0.3
random,degree,0.1,26,0.35,23,46,127,0.3
random,degree,0.1,27,0.0033333333333333335,1,0,4,0.3
random,degree,0.1,28,0.0033333333333333335,1,0,7,0.3
random,degree,0.1,29,0.17333333333333334,15,17,61,0.3
random,degree,0.1,30,0.0033333333333333335,1,0,3,0.3
random,degree,0.1,31,0.006666666666666667,2,2,3,0.3
random,degree,0.1,32,0.37,27,19,109,0.3
random,degree,0.1,33,0.01,2,4,11,0.3
random,degree,0.1,34,0.013333333333333334,2,3,11,0.3
random,degree,0.1,35,0.07666666666666666,9,21,56,0.3
random,degree,0.1,36,0.39,30,35,104,0.3
random,degree,0.1,37,0.0033333333333333335,1,0,2,0.3
random,degree,0.1,38,0.0033333333333333335,1,0,2,0.3
random,degree,0.1,39,0.013333333333333334,2,1,12,0.3
random,degree,0.2,0,0.6,65,45,97,0.3
random,degree,0.2,1,0.0033333333333333335,1,0,1,0.3
random,degree,0.2,2,0.59,69,19,78,0.3
random,degree,0.2,3,0.5533333333333333,73,26,80,0.3
random,degree,0.2,4,0.0033333333333333335,1,0,2,0.3
random,degree,0.2,5,0.0033333333333333335,1,0,2,0.3
random,degree,0.2,6,0.6066666666666667,63,36,94,0.3
random,degree,0.2,7,0.48333333333333334,51,38,73,0.3
random,degree,0.2,8,0.58,68,27,81,0.3
random,degree,0.2,9,0.5133333333333333,35,44,118,0.3
random,degree,0.2,10,0.55,48,40,77,0.3
random,degree,0.2,11,0.6133333333333333,75,22,52,0.3
random,degree,0.2,12,0.0033333333333333335,1,0,11,0.3
random,degree,0.2,13,0.5766666666666667,65,35,81,0.3
random,degree,0.2,14,0.5866666666666667,76,25,81,0.3
random,degree,0.2,15,0.016666666666666666,3,12,21,0.3
random,degree,0.2,16,0.0033333333333333335,1,0,2,0.3
random,degree,0.2,17,0.5833333333333334,74,27,64,0.3
random,degree,0.2,18,0.013333333333333334,4,12,38,0.3
random,degree,0.2,19,0.55,63,32,116,0.3
random,degree,0.2,20,0.56,65,33,76,0.3
random,degree,0.2,21,0.5166666666666667,59,25,73,0.3
random,degree,0.2,22,0.5433333333333333,56,41,111,0.3
random,degree,0.2,23,0.4766666666666667,52,17,64,0.3
random,degree,0.2,24,0.5633333333333334,68,27,82,0.3
random,degree,0.2,25,0.56,67,39,78,0.3
random,degree,0.2,26,0.58,55,48,109,0.3
random,degree,0.2,27,0.0033333333333333335,1,0,4,0.3
random,degree,0.2,28,0.006666666666666667,2,5,23,0.3
random,degree,0.2,29,0.5833333333333334,67,30,78,0.3
random,degree,0.2,30,0.0033333333333333335,1,0,3,0.3
random,degree,0.2,31,0.55,56,42,93,0.3
random,degree,0.2,32,0.5933333333333334,59,18,80,0.3
random,degree,0.2,33,0.01,3,3,8,0.3
random,degree,0.2,34,0.03333333333333333,6,10,42,0.3
random,degree,0.2,35,0.59,55,30,67,0.3
random,degree,0.2,36,0.5533333333333333,68,24,74,0.3
random,degree,0.2,37,0.0033333333333333335,1,0,2,0.3
random,degree,0.2,38,0.0033333333333333335,1,0,2,0.3
random,degree,0.2,39,0.48,58,32,79,0.3
